Handle,Title,Body (HTML),Vendor,Product Category,Type,Tags,Published,Option1 Name,Option1 Value,Variant SKU,Variant Price,Image Src,Status
01-tech-city-timelapse-background,"01 Tech City Timelapse Background - Professional Video Background","<p>Perfect for SaaS websites and startup landing pages. This high-quality video background adds professional motion to your website while maintaining fast loading times.</p>
<p><strong>Technical Specifications:</strong><br/>
- Duration: 5 seconds, seamless loop<br/>
- Format: MP4, web-optimized<br/>
- Frame Rate: 24 fps</p>
<p><strong>Perfect For:</strong><br/>
- SaaS landing pages and hero sections<br/>
- Startup websites and portfolios<br/>
- Tech company presentations<br/>
- Modern web applications</p>
<p>Transform your website with professional video backgrounds that convert visitors into customers.</p>",SaaSBackgrounds,Software,Digital Product,"saas,video-background,startup,professional,web-design,urban,cityscape,technology,digital",TRUE,Resolution,HD,SAAS-01-HD,39,"https://your-cdn.com/thumbnails/01_tech-city-timelapse-background_thumbnail.jpg",active
,,,,,,,,Resolution,4K,SAAS-01-4K,49,,active
02-team-collaboration-background,"02 Team Collaboration Background - Professional Video Background","<p>Professional team collaboration video background ideal for corporate websites and business presentations.</p>
<p><strong>Technical Specifications:</strong><br/>
- Duration: 10 seconds, seamless loop<br/>
- Format: MP4, web-optimized<br/>
- Frame Rate: 30 fps</p>
<p><strong>Perfect For:</strong><br/>
- SaaS landing pages and hero sections<br/>
- Startup websites and portfolios<br/>
- Tech company presentations<br/>
- Modern web applications</p>
<p>Transform your website with professional video backgrounds that convert visitors into customers.</p>",SaaSBackgrounds,Software,Digital Product,"saas,video-background,startup,professional,web-design,business,collaboration,office",TRUE,Resolution,HD,SAAS-02-HD,39,"https://your-cdn.com/thumbnails/02_team-collaboration-background_thumbnail.jpg",active
,,,,,,,,Resolution,4K,SAAS-02-4K,49,,active
03-remote-work-professional,"03 Remote Work Professional - Professional Video Background","<p>Clean remote work environment perfect for modern business applications and startup websites.</p>
<p><strong>Technical Specifications:</strong><br/>
- Duration: 10 seconds, seamless loop<br/>
- Format: MP4, web-optimized<br/>
- Frame Rate: 30 fps</p>
<p><strong>Perfect For:</strong><br/>
- SaaS landing pages and hero sections<br/>
- Startup websites and portfolios<br/>
- Tech company presentations<br/>
- Modern web applications</p>
<p>Transform your website with professional video backgrounds that convert visitors into customers.</p>",SaaSBackgrounds,Software,Digital Product,"saas,video-background,startup,professional,web-design,remote,work,professional",TRUE,Resolution,HD,SAAS-03-HD,39,"https://your-cdn.com/thumbnails/03_remote-work-professional_thumbnail.jpg",active
,,,,,,,,Resolution,4K,SAAS-03-4K,49,,active
04-city-lights-tech-background,"04 City Lights Tech Background - Professional Video Background","<p>Dynamic city lights background that adds energy and movement to technology-focused websites.</p>
<p><strong>Technical Specifications:</strong><br/>
- Duration: 5 seconds, seamless loop<br/>
- Format: MP4, web-optimized<br/>
- Frame Rate: 30 fps</p>
<p><strong>Perfect For:</strong><br/>
- SaaS landing pages and hero sections<br/>
- Startup websites and portfolios<br/>
- Tech company presentations<br/>
- Modern web applications</p>
<p>Transform your website with professional video backgrounds that convert visitors into customers.</p>",SaaSBackgrounds,Software,Digital Product,"saas,video-background,startup,professional,web-design,urban,cityscape,technology,digital",TRUE,Resolution,HD,SAAS-04-HD,39,"https://your-cdn.com/thumbnails/04_city-lights-tech-background_thumbnail.jpg",active
,,,,,,,,Resolution,4K,SAAS-04-4K,49,,active
05-urban-aerial-background,"05 Urban Aerial Background - Professional Video Background","<p>Stunning aerial urban footage perfect for corporate hero sections and professional presentations.</p>
<p><strong>Technical Specifications:</strong><br/>
- Duration: 10 seconds, seamless loop<br/>
- Format: MP4, web-optimized<br/>
- Frame Rate: 30 fps</p>
<p><strong>Perfect For:</strong><br/>
- SaaS landing pages and hero sections<br/>
- Startup websites and portfolios<br/>
- Tech company presentations<br/>
- Modern web applications</p>
<p>Transform your website with professional video backgrounds that convert visitors into customers.</p>",SaaSBackgrounds,Software,Digital Product,"saas,video-background,startup,professional,web-design,urban,aerial,cityscape",TRUE,Resolution,HD,SAAS-05-HD,39,"https://your-cdn.com/thumbnails/05_urban-aerial-background_thumbnail.jpg",active
,,,,,,,,Resolution,4K,SAAS-05-4K,49,,active
06-mountain-hero-background,"06 Mountain Hero Background - Professional Video Background","<p>Breathtaking mountain landscape for brands that want to convey stability and natural beauty.</p>
<p><strong>Technical Specifications:</strong><br/>
- Duration: 10 seconds, seamless loop<br/>
- Format: MP4, web-optimized<br/>
- Frame Rate: 30 fps</p>
<p><strong>Perfect For:</strong><br/>
- SaaS landing pages and hero sections<br/>
- Startup websites and portfolios<br/>
- Tech company presentations<br/>
- Modern web applications</p>
<p>Transform your website with professional video backgrounds that convert visitors into customers.</p>",SaaSBackgrounds,Software,Digital Product,"saas,video-background,startup,professional,web-design,nature,landscape,inspirational",TRUE,Resolution,HD,SAAS-06-HD,39,"https://your-cdn.com/thumbnails/06_mountain-hero-background_thumbnail.jpg",active
,,,,,,,,Resolution,4K,SAAS-06-4K,49,,active
07-coastal-professional-background,"07 Coastal Professional Background - Professional Video Background","<p>Calming coastal scenery perfect for wellness, lifestyle, and professional service websites.</p>
<p><strong>Technical Specifications:</strong><br/>
- Duration: 5 seconds, seamless loop<br/>
- Format: MP4, web-optimized<br/>
- Frame Rate: 30 fps</p>
<p><strong>Perfect For:</strong><br/>
- SaaS landing pages and hero sections<br/>
- Startup websites and portfolios<br/>
- Tech company presentations<br/>
- Modern web applications</p>
<p>Transform your website with professional video backgrounds that convert visitors into customers.</p>",SaaSBackgrounds,Software,Digital Product,"saas,video-background,startup,professional,web-design,nature,coastal,professional",TRUE,Resolution,HD,SAAS-07-HD,39,"https://your-cdn.com/thumbnails/07_coastal-professional-background_thumbnail.jpg",active
,,,,,,,,Resolution,4K,SAAS-07-4K,49,,active
08-desert-minimal-background,"08 Desert Minimal Background - Professional Video Background","<p>Minimalist desert landscape ideal for modern, clean website designs and artistic presentations.</p>
<p><strong>Technical Specifications:</strong><br/>
- Duration: 10 seconds, seamless loop<br/>
- Format: MP4, web-optimized<br/>
- Frame Rate: 30 fps</p>
<p><strong>Perfect For:</strong><br/>
- SaaS landing pages and hero sections<br/>
- Startup websites and portfolios<br/>
- Tech company presentations<br/>
- Modern web applications</p>
<p>Transform your website with professional video backgrounds that convert visitors into customers.</p>",SaaSBackgrounds,Software,Digital Product,"saas,video-background,startup,professional,web-design,nature,minimal,landscape",TRUE,Resolution,HD,SAAS-08-HD,39,"https://your-cdn.com/thumbnails/08_desert-minimal-background_thumbnail.jpg",active
,,,,,,,,Resolution,4K,SAAS-08-4K,49,,active
09-tech-portrait-background,"09 Tech Portrait Background - Professional Video Background","<p>Portrait-oriented technology background perfect for mobile-first designs and vertical presentations.</p>
<p><strong>Technical Specifications:</strong><br/>
- Duration: 5 seconds, seamless loop<br/>
- Format: MP4, web-optimized<br/>
- Frame Rate: 30 fps</p>
<p><strong>Perfect For:</strong><br/>
- SaaS landing pages and hero sections<br/>
- Startup websites and portfolios<br/>
- Tech company presentations<br/>
- Modern web applications</p>
<p>Transform your website with professional video backgrounds that convert visitors into customers.</p>",SaaSBackgrounds,Software,Digital Product,"saas,video-background,startup,professional,web-design,technology,digital,portrait",TRUE,Resolution,HD,SAAS-09-HD,39,"https://your-cdn.com/thumbnails/09_tech-portrait-background_thumbnail.jpg",active
,,,,,,,,Resolution,4K,SAAS-09-4K,49,,active
10-study-collaboration-background,"10 Study Collaboration Background - Professional Video Background","<p>Educational collaboration environment ideal for e-learning platforms and academic websites.</p>
<p><strong>Technical Specifications:</strong><br/>
- Duration: 10 seconds, seamless loop<br/>
- Format: MP4, web-optimized<br/>
- Frame Rate: 30 fps</p>
<p><strong>Perfect For:</strong><br/>
- SaaS landing pages and hero sections<br/>
- Startup websites and portfolios<br/>
- Tech company presentations<br/>
- Modern web applications</p>
<p>Transform your website with professional video backgrounds that convert visitors into customers.</p>",SaaSBackgrounds,Software,Digital Product,"saas,video-background,startup,professional,web-design,education,collaboration,learning",TRUE,Resolution,HD,SAAS-10-HD,39,"https://your-cdn.com/thumbnails/10_study-collaboration-background_thumbnail.jpg",active
,,,,,,,,Resolution,4K,SAAS-10-4K,49,,active
11-thoughtful-professional-background,"11 Thoughtful Professional Background - Professional Video Background","<p>Thoughtful professional environment perfect for consulting, coaching, and personal brand websites.</p>
<p><strong>Technical Specifications:</strong><br/>
- Duration: 10 seconds, seamless loop<br/>
- Format: MP4, web-optimized<br/>
- Frame Rate: 30 fps</p>
<p><strong>Perfect For:</strong><br/>
- SaaS landing pages and hero sections<br/>
- Startup websites and portfolios<br/>
- Tech company presentations<br/>
- Modern web applications</p>
<p>Transform your website with professional video backgrounds that convert visitors into customers.</p>",SaaSBackgrounds,Software,Digital Product,"saas,video-background,startup,professional,web-design,business,professional,contemplative",TRUE,Resolution,HD,SAAS-11-HD,39,"https://your-cdn.com/thumbnails/11_thoughtful-professional-background_thumbnail.jpg",active
,,,,,,,,Resolution,4K,SAAS-11-4K,49,,active
12-urban-rooftop-background,"12 Urban Rooftop Background - Professional Video Background","<p>Modern urban rooftop setting ideal for startup websites and contemporary business presentations.</p>
<p><strong>Technical Specifications:</strong><br/>
- Duration: 10 seconds, seamless loop<br/>
- Format: MP4, web-optimized<br/>
- Frame Rate: 30 fps</p>
<p><strong>Perfect For:</strong><br/>
- SaaS landing pages and hero sections<br/>
- Startup websites and portfolios<br/>
- Tech company presentations<br/>
- Modern web applications</p>
<p>Transform your website with professional video backgrounds that convert visitors into customers.</p>",SaaSBackgrounds,Software,Digital Product,"saas,video-background,startup,professional,web-design,urban,rooftop,professional",TRUE,Resolution,HD,SAAS-12-HD,39,"https://your-cdn.com/thumbnails/12_urban-rooftop-background_thumbnail.jpg",active
,,,,,,,,Resolution,4K,SAAS-12-4K,49,,active